,invokname,was_cold,latency
0,train_75,True,13.882391452789307
1,gzip_100,True,3.655961275100708
2,dd_100,True,6.16173243522644
3,hello_75,True,13.681553602218628
4,gzip_75,True,5.91215968132019
5,train_100,True,27.65909504890442
6,float_75,True,8.022885084152222
7,hello_40,True,17.070746660232544
8,image_75,True,17.854727268218994
9,json_10,True,12.921392917633057
10,hello_75,True,20.607584714889526
11,float_40,True,17.031981468200684
12,train_75,True,33.62753748893738
13,image_100,True,20.00023102760315
14,dd_100,False,5.043057203292847
15,json_10,True,16.822779178619385
16,json_100,True,20.355735540390015
17,train_100,True,33.08569121360779
18,aes_100,True,25.50889754295349
19,float_75,True,24.92715096473694
20,lin_pack_100,True,27.209125518798828
21,aes_100,True,31.472280979156494
22,lin_pack_75,True,11.633060932159424
23,hello_40,True,24.55134129524231
24,cnn_40,True,37.311774015426636
25,gzip_100,False,1.1247994899749756
26,image_100,True,24.547550916671753
27,json_40,True,14.700866937637329
28,json_100,True,32.359092235565186
29,hello_40,True,24.682589769363403
30,aes_100,True,35.59975075721741
31,dd_100,False,3.0589659214019775
32,train_100,True,36.8983154296875
33,hello_100,True,27.149324655532837
34,cham_40,True,32.9172089099884
35,lin_pack_100,True,33.29409074783325
36,gzip_75,False,1.3157267570495605
37,aes_40,True,27.357879400253296
38,lin_pack_75,True,13.338499546051025
39,cham_10,True,14.407060861587524
40,hello_75,False,1.3655593395233154
41,aes_100,True,32.99323582649231
42,dd_100,False,2.7651710510253906
43,float_100,True,36.90487480163574
44,aes_100,True,37.85336351394653
45,dd_40,True,30.339680433273315
46,image_40,True,42.156383991241455
47,dd_100,False,3.5035762786865234
48,json_100,True,38.699002742767334
49,train_100,True,45.09284162521362
50,gzip_100,False,2.620049238204956
51,cham_100,True,16.351086378097534
52,float_75,False,2.025432586669922
53,hello_75,False,1.9057693481445312
54,json_75,True,16.658645391464233
55,cnn_40,True,41.19306254386902
56,hello_100,True,35.67406129837036
57,lin_pack_100,True,36.190667152404785
58,hello_100,True,35.12427473068237
59,train_100,False,10.32361912727356
60,hello_100,True,41.14668011665344
61,json_100,False,1.746119737625122
62,image_75,False,9.315182447433472
63,image_75,True,30.353532314300537
64,gzip_100,False,2.282148599624634
65,image_75,True,30.45750594139099
66,gzip_40,True,18.344850301742554
67,image_75,True,31.519269704818726
68,float_40,False,1.045438528060913
69,dd_40,True,36.53189563751221
70,dd_40,True,44.43093657493591
71,image_100,False,10.410046577453613
72,lin_pack_40,True,45.08559560775757
73,hello_40,False,0.9938650131225586
74,cham_100,True,23.94933557510376
75,train_75,False,10.352657556533813
76,aes_100,False,1.7071354389190674
77,json_40,False,1.5205416679382324
78,aes_75,True,24.941982746124268
79,aes_100,False,2.5518341064453125
80,json_40,False,1.5218086242675781
81,hello_100,False,1.3170218467712402
82,gzip_75,False,1.7682750225067139
83,lin_pack_100,False,1.604707956314087
84,float_10,True,20.7311372756958
85,train_100,False,11.783590078353882
86,aes_75,True,21.111695051193237
87,aes_100,False,2.3174383640289307
88,image_75,False,10.802735090255737
89,json_75,False,1.6347122192382812
90,image_75,True,27.103089332580566
91,gzip_100,False,1.6852574348449707
92,lin_pack_40,True,36.942469358444214
93,json_100,False,0.8536510467529297
94,json_40,False,2.1279547214508057
95,train_100,False,10.186179399490356
96,cham_100,False,2.6114327907562256
97,image_100,False,10.0167555809021
98,hello_75,False,1.6507151126861572
99,image_100,False,8.616721391677856
100,aes_75,True,17.581438541412354
101,dd_100,False,2.1881203651428223
102,lin_pack_100,False,0.8901553153991699
103,cnn_75,True,34.78411507606506
104,dd_75,True,16.413263082504272
105,train_100,False,11.817898750305176
106,float_100,False,0.8571014404296875
107,aes_10,True,29.09775733947754
108,cnn_40,False,2.9436004161834717
109,cnn_100,True,32.41393733024597
110,lin_pack_100,False,2.2225146293640137
111,cham_75,True,12.288043975830078
112,image_40,True,38.184736251831055
113,json_10,False,1.5013751983642578
114,hello_100,False,1.285797119140625
115,lin_pack_75,False,1.631986379623413
116,cham_75,True,15.035974979400635
117,image_100,False,9.484046697616577
118,image_100,False,9.9695463180542
119,image_75,False,9.274423122406006
120,gzip_75,False,2.456456184387207
121,gzip_40,False,2.7197041511535645
122,json_100,False,2.004136562347412
123,cham_75,True,13.843076467514038
124,cham_40,False,1.2583489418029785
125,json_100,False,0.9008398056030273
126,dd_10,True,19.56411862373352
127,cnn_75,True,31.286524295806885
128,dd_75,True,12.377235412597656
129,train_100,False,12.14524531364441
130,json_75,False,1.1557600498199463
131,cham_40,False,3.370846748352051
132,gzip_100,False,3.865663766860962
133,cnn_40,False,4.51685357093811
134,dd_100,False,4.300506353378296
135,dd_75,False,3.388929843902588
136,lin_pack_40,True,19.99544906616211
137,float_100,False,0.9998395442962646
138,cnn_100,True,30.77992033958435
139,hello_75,False,2.8258321285247803
140,cham_75,False,2.07352876663208
141,cnn_40,False,4.363469839096069
142,json_100,False,1.176389455795288
143,dd_40,False,2.374150037765503
144,float_100,False,1.0273573398590088
145,lin_pack_100,False,0.47244715690612793
146,aes_75,False,1.8623790740966797
147,json_40,False,1.2461354732513428
148,cnn_100,True,24.56974172592163
149,lin_pack_75,False,1.094043493270874
150,json_100,False,0.46231579780578613
151,cham_100,False,0.48497486114501953
152,lin_pack_75,False,0.47812795639038086
153,aes_75,False,0.8420734405517578
154,float_100,False,0.3682384490966797
155,dd_100,False,1.6218574047088623
156,image_75,False,6.856121778488159
157,gzip_100,False,1.0829927921295166
158,cnn_100,True,19.69667410850525
159,hello_40,False,2.644148111343384
160,gzip_75,False,0.835320234298706
161,image_40,False,14.169784784317017
162,hello_75,False,2.4504706859588623
163,float_75,False,0.5764749050140381
164,float_100,False,1.1060504913330078
165,aes_75,False,1.2373416423797607
166,dd_100,False,2.226210355758667
167,image_40,True,17.45544171333313
168,cham_40,False,5.482969284057617
169,train_40,True,17.051100969314575
170,float_100,False,2.1301474571228027
171,cham_75,False,1.646160364151001
172,float_40,False,1.0192441940307617
173,dd_100,False,3.753220796585083
174,json_75,False,1.2023701667785645
175,float_100,False,1.2201027870178223
176,float_40,False,0.6624622344970703
177,float_100,False,1.6713685989379883
178,json_75,False,1.0942435264587402
179,image_100,False,7.977291822433472
180,image_100,False,7.17658257484436
181,lin_pack_100,False,0.3157341480255127
182,gzip_75,False,0.543489933013916
183,gzip_75,False,0.8634839057922363
184,lin_pack_40,False,0.46234798431396484
185,cham_10,False,0.2847881317138672
186,dd_40,False,0.5717825889587402
187,float_100,False,1.1231791973114014
188,dd_100,False,0.8310959339141846
189,image_100,True,10.868982076644897
190,gzip_40,False,1.8745806217193604
191,aes_100,False,1.2474870681762695
192,image_40,False,7.007838726043701
193,gzip_75,False,0.7935175895690918
194,gzip_75,True,3.024481773376465
195,lin_pack_100,False,0.5097529888153076
196,gzip_100,False,0.8246941566467285
197,lin_pack_40,False,0.32211971282958984
198,cham_75,False,0.26221394538879395
199,gzip_100,False,0.5412192344665527
200,dd_100,False,0.5331265926361084
201,cnn_100,False,2.633970260620117
202,hello_100,False,0.4741663932800293
203,hello_75,False,0.25453686714172363
204,image_40,False,7.027074098587036
205,train_75,False,9.13508677482605
206,aes_100,False,0.776496171951294
207,hello_75,False,0.22520971298217773
208,float_75,False,0.2347550392150879
209,hello_40,False,0.24666500091552734
210,train_100,False,10.032969951629639
211,aes_100,False,0.6925063133239746
212,train_100,False,9.718714714050293
213,dd_40,False,0.4838385581970215
214,json_100,False,1.477574110031128
215,image_100,False,7.246673583984375
216,cham_100,False,0.2998507022857666
217,lin_pack_100,False,0.24342989921569824
218,json_100,False,0.7340118885040283
219,gzip_75,False,0.6581389904022217
220,lin_pack_75,False,0.4220409393310547
221,float_75,False,0.246903657913208
222,dd_75,False,0.5530436038970947
223,lin_pack_100,False,1.1524176597595215
224,cham_10,False,0.6502895355224609
225,aes_40,False,0.9114105701446533
226,hello_100,False,0.2671988010406494
227,cnn_10,True,10.042209386825562
228,cnn_75,False,5.7689290046691895
229,lin_pack_40,False,2.799001693725586
230,aes_100,False,2.7252132892608643
231,float_40,False,1.5876026153564453
232,json_100,False,1.1570961475372314
233,cnn_40,False,2.2494218349456787
234,aes_75,False,0.9868121147155762
235,gzip_75,False,0.6724853515625
236,cham_100,False,0.3346583843231201
237,float_10,False,0.289259672164917
238,gzip_100,False,0.5156378746032715
239,train_100,False,9.495384693145752
240,aes_75,False,0.8847393989562988
241,cnn_75,False,2.175278663635254
242,hello_100,False,0.26361536979675293
243,lin_pack_40,False,0.27999401092529297
244,float_100,False,0.27620792388916016
245,aes_100,False,0.8117082118988037
246,float_40,False,0.23923063278198242
247,cham_40,False,0.3037986755371094
248,cham_75,False,0.37476277351379395
249,lin_pack_75,False,0.4721662998199463
250,image_10,True,9.544841051101685
251,json_75,False,0.4312734603881836
252,json_75,False,0.9073183536529541
253,json_10,False,0.30832982063293457
254,cham_75,False,0.28871798515319824
255,train_40,False,9.100810289382935
256,lin_pack_100,False,0.276613712310791
257,lin_pack_40,False,0.30110621452331543
258,lin_pack_100,False,0.25351929664611816
259,aes_100,False,0.6699883937835693
260,image_100,False,7.348287343978882
261,gzip_40,False,0.6417665481567383
262,hello_100,False,0.3733830451965332
263,dd_75,False,0.4335505962371826
264,image_75,False,7.438286542892456
265,cham_40,False,0.36264896392822266
266,cnn_100,False,2.5641543865203857
267,float_100,False,0.2712991237640381
268,train_100,False,9.154956340789795
269,lin_pack_100,False,0.20339035987854004
270,float_100,False,0.2720041275024414
271,image_100,False,7.113419055938721
272,cham_75,False,0.3086247444152832
273,cnn_100,False,2.212160348892212
274,json_100,False,0.4463965892791748
275,float_40,False,0.22440266609191895
276,gzip_75,False,0.7114598751068115
277,hello_100,False,0.24261212348937988
278,float_40,False,0.26169610023498535
279,hello_40,False,0.29222893714904785
280,dd_100,False,0.483278751373291
281,cham_75,False,1.2805545330047607
282,cnn_100,False,2.489197254180908
283,hello_100,False,0.3755466938018799
284,cham_100,False,0.26403069496154785
285,gzip_75,False,0.6563982963562012
286,float_100,False,0.5436174869537354
287,gzip_75,False,0.6309449672698975
288,cnn_40,False,2.1966516971588135
289,json_10,False,0.5400125980377197
290,hello_40,False,0.22121214866638184
291,aes_75,False,0.8121235370635986
292,json_100,False,0.2837104797363281
293,float_100,False,0.2093346118927002
294,hello_40,False,0.9300732612609863
295,lin_pack_100,False,0.34433865547180176
296,gzip_100,False,0.6234035491943359
297,float_75,False,0.3370640277862549
298,train_10,True,12.819724798202515
299,aes_100,False,0.9169220924377441
300,json_40,False,0.3828718662261963
301,image_100,False,6.611800193786621
302,gzip_40,False,0.687157154083252
303,json_100,False,0.720346212387085
304,image_100,False,7.025086879730225
305,cham_100,False,0.32016754150390625
306,cham_100,False,0.28188657760620117
307,train_40,False,9.563347339630127
308,cham_100,False,0.36541008949279785
309,cham_40,False,0.27986931800842285
310,gzip_75,False,0.7336492538452148
311,hello_100,False,0.270510196685791
312,gzip_100,False,0.8123271465301514
313,hello_75,False,0.26995325088500977
314,image_75,False,7.074073076248169
315,lin_pack_75,False,0.2959024906158447
316,gzip_100,False,0.5321307182312012
317,gzip_10,True,4.344950914382935
318,json_100,False,0.542611837387085
319,dd_100,False,0.6055526733398438
320,train_75,False,10.501574754714966
321,gzip_100,False,1.0140995979309082
322,float_100,False,0.27435874938964844
323,cham_100,False,0.3243393898010254
324,aes_75,False,0.823596715927124
325,lin_pack_100,False,0.2615363597869873
326,aes_100,False,0.7147445678710938
327,gzip_100,False,0.6003072261810303
328,lin_pack_75,False,0.3919370174407959
329,cnn_75,False,1.9886646270751953
330,gzip_75,False,0.5880753993988037
331,dd_75,False,0.5559349060058594
332,cham_75,False,1.2039079666137695
333,json_75,False,1.0855772495269775
334,dd_75,False,0.5409770011901855
335,cnn_100,False,3.4153730869293213
336,dd_40,False,0.7672760486602783
337,gzip_40,False,0.6581099033355713
338,hello_100,False,0.9426696300506592
339,cnn_100,False,1.924623966217041
340,json_100,False,0.5064008235931396
341,json_100,False,0.5505080223083496
342,cnn_100,False,2.3680765628814697
343,gzip_75,False,0.5928826332092285
344,lin_pack_75,False,0.3445565700531006
345,aes_100,False,0.8373146057128906
346,hello_75,False,0.26334118843078613
347,json_40,False,0.7175998687744141
348,float_75,False,0.2561044692993164
349,hello_75,False,0.23305416107177734
350,hello_75,False,0.25600719451904297
351,lin_pack_75,False,0.41590213775634766
352,dd_40,False,0.48051023483276367
353,image_100,False,7.3915300369262695
354,dd_75,False,0.9553816318511963
355,float_100,False,0.29538464546203613
356,json_100,False,0.995988130569458
357,aes_100,False,0.8332562446594238
358,aes_10,False,0.8509566783905029
359,cham_75,False,0.2685399055480957
360,cnn_100,False,2.174363613128662
361,dd_100,False,0.4519236087799072
362,train_100,False,10.012046098709106
363,aes_75,False,1.6356704235076904
364,image_75,False,6.86649751663208
365,lin_pack_100,False,0.2599494457244873
366,train_100,False,9.658822774887085
367,cham_100,False,0.3255598545074463
368,cham_100,False,0.3116796016693115
369,aes_100,False,0.7292213439941406
370,cham_75,False,0.24872231483459473
371,dd_75,False,0.4293358325958252
372,cham_75,False,1.2050845623016357
373,cham_40,False,0.6349003314971924
374,aes_75,False,0.8361358642578125
375,float_100,False,0.2272183895111084
376,cnn_100,False,2.7118215560913086
377,cnn_100,False,2.178973913192749
378,lin_pack_40,False,0.3251957893371582
379,json_100,False,0.6533100605010986
380,hello_75,False,0.25692057609558105
381,aes_100,False,0.7496020793914795
382,hello_75,False,0.33017992973327637
383,image_40,False,7.4414544105529785
384,lin_pack_75,False,0.2635772228240967
385,train_100,False,9.326148986816406
386,train_75,False,10.265959024429321
387,json_100,False,0.3754613399505615
388,train_40,False,9.129258632659912
389,json_10,False,0.5182528495788574
390,dd_75,False,0.513458251953125
391,hello_100,False,1.2551701068878174
392,image_75,False,7.140145540237427
393,aes_40,False,0.8739974498748779
394,hello_40,False,0.307161808013916
395,train_100,False,9.62911605834961
396,gzip_75,False,0.5001168251037598
397,image_75,False,7.029448747634888
398,aes_75,False,0.8101065158843994
399,train_100,False,9.458951711654663
400,lin_pack_40,False,0.29599905014038086
401,cham_10,False,0.3307836055755615
402,dd_10,False,0.5082542896270752
403,hello_75,False,1.2448368072509766
404,dd_100,False,1.2870967388153076
405,cham_100,False,0.7009949684143066
406,aes_75,False,1.523916244506836
407,json_75,False,0.4533405303955078
408,float_75,False,0.2682628631591797
409,gzip_75,False,0.6310012340545654
410,train_100,False,8.983145713806152
411,cham_100,False,0.32885098457336426
412,lin_pack_10,True,1.8966679573059082
413,cnn_75,False,2.3480587005615234
414,float_40,False,0.27189064025878906
415,aes_40,False,0.8173537254333496
416,cham_100,False,0.2745964527130127
417,cham_75,False,0.27136683464050293
418,gzip_100,False,0.6002471446990967
419,hello_75,False,0.4938545227050781
420,aes_75,False,0.6551671028137207
421,lin_pack_100,False,0.2785015106201172
422,lin_pack_75,False,0.27648377418518066
423,cnn_100,False,2.984114170074463
424,json_100,False,0.38306570053100586
425,gzip_75,False,0.6031701564788818
426,image_100,False,6.7476112842559814
427,gzip_40,False,0.6159288883209229
428,cham_75,False,0.3872227668762207
429,hello_40,False,0.21543359756469727
430,cnn_100,False,2.4671409130096436
431,cham_75,False,0.2848060131072998
432,image_100,False,6.822129726409912
433,image_100,False,6.925736427307129
434,cnn_40,False,2.059483289718628
435,hello_100,False,0.2815060615539551
436,float_100,False,0.23668432235717773
437,gzip_40,False,0.953636646270752
438,train_75,False,9.587249994277954
439,hello_75,False,0.5299336910247803
440,aes_100,False,0.7767200469970703
441,image_100,False,7.180039167404175
442,hello_40,False,0.23086977005004883
443,image_100,True,9.376729965209961
444,float_100,False,0.37503743171691895
445,cnn_75,False,2.1420392990112305
446,lin_pack_75,False,0.29022884368896484
447,image_100,False,6.889153003692627
448,train_100,False,9.737311363220215
449,cnn_75,False,2.8141260147094727
450,json_40,False,0.414142370223999
451,train_100,False,9.625272035598755
452,json_40,False,0.3937969207763672
453,aes_100,False,0.7688908576965332
454,lin_pack_75,False,0.3326432704925537
455,train_100,False,10.272214889526367
456,hello_100,False,0.4538888931274414
457,train_100,False,9.986811637878418
458,dd_40,False,0.5472157001495361
459,train_100,True,18.07159733772278
460,gzip_100,False,1.3004157543182373
461,train_75,False,11.642825365066528
462,gzip_100,True,5.064230442047119
463,train_100,True,15.096009016036987
464,cham_100,False,0.574460506439209
465,cham_75,False,0.8905019760131836
466,json_75,False,0.7724277973175049
467,hello_75,False,0.8527159690856934
468,aes_100,False,0.930511474609375
469,json_75,False,0.512702226638794
470,lin_pack_75,False,0.28421998023986816
471,image_40,False,6.788992643356323
472,dd_75,False,0.5538690090179443
473,cham_100,False,1.3353393077850342
474,aes_10,False,1.24415922164917
475,aes_100,False,0.8790328502655029
476,train_100,False,9.208134651184082
477,lin_pack_100,False,0.26517701148986816
478,gzip_100,False,0.5908918380737305
479,float_75,False,0.41509008407592773
480,cnn_40,False,2.1590147018432617
481,gzip_100,False,0.5003161430358887
482,image_40,False,7.733037948608398
483,json_40,False,0.5095570087432861
484,json_75,False,0.28705382347106934
485,gzip_75,False,0.6120905876159668
486,cnn_40,False,2.392845392227173
487,train_75,False,9.486957550048828
488,train_10,False,9.718138694763184
489,cham_75,False,0.2758145332336426
490,gzip_100,False,0.7690787315368652
491,lin_pack_75,False,0.49540114402770996
492,cham_75,False,0.2767977714538574
493,json_40,False,0.3062589168548584
494,json_100,False,0.7050707340240479
495,lin_pack_100,False,0.2946150302886963
496,cham_100,False,0.25779294967651367
497,cham_100,False,0.2942008972167969
498,float_100,False,0.2558634281158447
499,cham_75,False,0.2898385524749756
500,float_100,False,0.27023887634277344
501,cham_40,False,0.3172876834869385
502,json_100,False,0.3813292980194092
503,aes_10,False,0.8446362018585205
504,cham_100,False,0.38454341888427734
505,aes_100,False,0.7570004463195801
506,dd_75,False,0.5202462673187256
507,dd_75,False,1.7152612209320068
508,lin_pack_75,False,0.5665528774261475
509,json_75,False,0.5569841861724854
510,cnn_75,False,4.151840686798096
511,cham_40,False,0.7665395736694336
512,gzip_40,False,0.6509931087493896
513,cham_75,False,0.4381837844848633
514,image_100,False,6.696624755859375
515,aes_75,False,0.8436844348907471
516,dd_40,False,0.4369180202484131
517,cnn_40,False,3.1003661155700684
518,float_100,False,0.45191192626953125
519,json_75,False,0.5422782897949219
520,cnn_75,False,2.5169031620025635
521,json_100,False,0.3952932357788086
522,gzip_10,False,0.6178364753723145
523,hello_40,False,0.3517904281616211
524,float_40,False,0.26434755325317383
525,json_75,False,1.0406196117401123
526,json_75,True,3.03769588470459
527,image_100,False,6.994532823562622
528,dd_10,False,0.9709944725036621
529,json_100,False,0.510317325592041
530,cnn_40,False,3.3535311222076416
531,image_75,False,7.026172637939453
532,cnn_100,False,2.894772529602051
533,aes_100,False,0.8680224418640137
534,json_75,False,0.5622677803039551
535,train_100,False,9.776566743850708
536,float_75,False,0.2631959915161133
537,dd_100,False,0.501995325088501
538,train_75,False,9.97844672203064
539,float_40,False,0.5633211135864258
540,gzip_100,False,0.5420656204223633
541,cham_75,False,0.28583431243896484
542,cnn_75,False,2.502326726913452
543,cham_40,False,0.2881042957305908
544,cham_100,False,0.27373385429382324
545,cham_100,False,0.2407670021057129
546,gzip_100,False,0.6815204620361328
547,hello_100,False,0.2201395034790039
548,train_40,False,8.789791584014893
549,cnn_75,False,2.633010149002075
550,gzip_100,False,0.5720236301422119
551,image_100,False,6.935848236083984
552,cham_100,False,0.3126838207244873
553,gzip_100,False,0.6058597564697266
554,gzip_40,False,0.7013115882873535
555,json_75,False,1.2829501628875732
556,cham_100,False,0.28490376472473145
557,gzip_75,False,0.5794029235839844
558,gzip_75,False,0.8727428913116455
559,lin_pack_100,False,0.291440486907959
560,float_75,False,0.26146960258483887
561,dd_75,False,0.5187854766845703
562,float_40,False,1.340257167816162
563,hello_40,False,0.7306475639343262
564,json_75,False,0.5960414409637451
565,train_100,False,9.702331781387329
566,float_10,False,0.26672935485839844
567,image_10,False,6.751658201217651
568,lin_pack_75,False,0.28302621841430664
569,train_100,False,9.618363380432129
570,gzip_100,False,0.6059269905090332
571,gzip_75,False,0.7702634334564209
572,train_75,False,9.784585237503052
573,gzip_100,False,0.5944249629974365
574,dd_100,False,0.5439071655273438
575,gzip_100,False,1.5150146484375
576,json_75,False,0.761552095413208
577,cnn_75,False,3.2091400623321533
578,hello_10,True,1.9787542819976807
579,image_100,False,7.555252313613892
580,hello_40,False,0.31824254989624023
581,dd_40,False,0.5310544967651367
582,cham_10,False,1.2252228260040283
583,lin_pack_100,False,0.5967488288879395
584,image_100,False,7.051004648208618
585,cham_40,False,0.29886364936828613
586,float_75,False,0.25703978538513184
587,train_75,False,9.112187385559082
588,image_100,False,7.058975458145142
589,hello_100,False,0.23185062408447266
590,cnn_100,False,2.7601468563079834
591,lin_pack_100,False,0.23887896537780762
592,hello_40,False,0.23190927505493164
593,lin_pack_75,False,0.2788355350494385
594,train_75,False,9.303438425064087
595,dd_75,False,0.4709005355834961
596,train_75,True,18.884474754333496
597,float_40,False,1.8811407089233398
598,json_100,False,1.6949644088745117
599,cnn_75,False,3.7675745487213135
600,aes_100,False,1.0471091270446777
601,cham_75,False,0.4652831554412842
602,dd_100,False,1.550710916519165
603,hello_100,False,1.7040021419525146
604,image_75,False,7.514765024185181
605,gzip_75,False,0.8213615417480469
606,cnn_40,False,2.5964725017547607
607,dd_100,False,0.5030708312988281
608,float_40,False,1.1235270500183105
609,train_75,False,10.165711402893066
610,json_10,False,0.6056373119354248
611,image_75,False,6.837010860443115
612,cham_75,False,0.26467347145080566
613,train_100,False,9.753820180892944
614,float_75,False,0.46529531478881836
615,float_100,False,0.22251510620117188
616,hello_100,False,0.23346924781799316
617,dd_100,False,0.45104098320007324
618,json_40,False,1.0765385627746582
619,cnn_100,False,3.0852081775665283
620,gzip_75,False,0.6056258678436279
621,float_40,False,0.4056110382080078
622,hello_100,False,0.35220766067504883
623,image_40,False,7.593904733657837
624,image_100,False,6.611525297164917
625,hello_100,False,0.30440616607666016
626,gzip_75,False,0.6997389793395996
627,image_100,False,6.999131917953491
628,gzip_75,False,0.5897297859191895
629,train_100,False,9.348588943481445
630,train_100,False,9.724878549575806
631,float_40,False,0.22774243354797363
632,gzip_40,False,0.8936920166015625
633,image_100,False,7.208668947219849
634,cnn_100,False,2.7482407093048096
635,lin_pack_100,False,0.3377950191497803
636,gzip_40,False,0.5305976867675781
637,image_75,False,6.816845893859863
638,cnn_75,False,4.195554256439209
639,lin_pack_75,False,1.1331961154937744
640,float_100,False,0.5151863098144531
641,hello_40,False,0.24170851707458496
642,gzip_75,False,0.568511962890625
643,hello_40,False,0.3693201541900635
644,lin_pack_100,False,0.25726938247680664
645,float_75,False,0.363814115524292
646,lin_pack_40,False,0.26906728744506836
647,cham_100,False,0.3093452453613281
648,float_75,False,0.21992230415344238
649,train_40,False,9.105151176452637
650,cham_75,False,0.33204221725463867
651,image_100,False,7.1455910205841064
652,cham_75,False,0.2793843746185303
653,hello_40,False,0.22778725624084473
654,aes_100,False,0.8084728717803955
655,cham_40,False,0.29355621337890625
656,hello_100,False,0.23996901512145996
657,cham_100,False,0.3405497074127197
658,aes_100,False,0.7247757911682129
659,lin_pack_75,False,0.2805213928222656
660,train_40,True,11.789828062057495
661,lin_pack_75,False,0.3502676486968994
662,cham_10,False,0.411907434463501
663,cham_75,False,0.31908369064331055
664,image_100,False,6.859709978103638
665,json_100,False,0.4215404987335205
666,aes_100,False,0.7696821689605713
667,lin_pack_100,False,0.28293609619140625
668,lin_pack_100,False,0.21362543106079102
669,dd_75,False,0.5547854900360107
670,train_75,False,10.82057499885559
671,float_40,False,0.6410396099090576
672,cnn_40,False,2.5339009761810303
673,hello_10,False,0.26267576217651367
674,float_100,False,0.2855401039123535
675,cnn_100,,4.206606149673462
676,gzip_100,False,0.5460636615753174
677,aes_100,False,0.8991856575012207
678,gzip_100,False,0.5162522792816162
679,gzip_100,False,0.6933834552764893
680,lin_pack_100,False,0.4622931480407715
681,hello_100,False,0.4799487590789795
682,cnn_75,False,3.2725307941436768
683,json_10,False,0.6188709735870361
684,gzip_100,False,0.7111144065856934
685,train_100,False,9.054682970046997
686,gzip_75,False,0.667921781539917
687,train_100,False,10.127567052841187
688,gzip_75,False,0.9182956218719482
689,dd_75,False,0.5381004810333252
690,dd_40,False,1.3040533065795898
691,json_75,False,0.923358678817749
692,image_75,False,7.1122777462005615
693,cham_75,False,0.8176934719085693
694,gzip_75,False,0.6458389759063721
695,dd_100,False,0.5990860462188721
696,cham_100,False,1.221841812133789
697,dd_40,False,0.913543701171875
698,cham_100,False,0.10629081726074219
699,image_100,False,7.825446605682373
700,cnn_100,False,2.1259636878967285
701,image_100,False,6.78944730758667
702,image_100,False,6.859800577163696
703,lin_pack_100,False,0.23191428184509277
704,hello_75,False,0.30281567573547363
705,float_40,False,0.2529475688934326
706,aes_100,False,0.8053016662597656
707,float_100,False,0.25640153884887695
708,hello_10,False,0.2582361698150635
709,image_100,False,6.963488578796387
710,hello_100,False,0.24399447441101074
711,json_75,False,0.5968260765075684
712,json_75,False,0.88395094871521
713,json_75,False,0.40163493156433105
714,json_75,False,0.6634271144866943
715,image_75,False,6.5267040729522705
716,hello_75,False,0.25177860260009766
717,lin_pack_100,False,0.3456242084503174
718,dd_75,False,0.5260603427886963
719,dd_100,False,2.876488208770752
720,cham_75,False,0.7685799598693848
721,cnn_100,False,3.844400405883789
722,cham_10,False,0.6673557758331299
723,lin_pack_40,False,0.825230598449707
724,cnn_75,,4.899288654327393
725,train_100,False,9.078284978866577
726,lin_pack_75,False,0.22485756874084473
727,json_100,False,0.7576336860656738
728,gzip_75,False,0.6059970855712891
729,json_40,False,0.9963283538818359
730,gzip_100,False,0.7806930541992188
731,float_100,False,0.5833015441894531
732,cnn_40,False,2.6175005435943604
733,aes_100,False,0.7652175426483154
734,train_100,False,9.148627758026123
735,float_75,False,0.267974853515625
736,gzip_100,False,0.6162021160125732
737,float_100,False,0.3509540557861328
738,cham_75,False,0.26741886138916016
739,cham_75,False,0.27320170402526855
740,gzip_10,True,6.216938257217407
741,dd_75,False,0.7603800296783447
742,hello_100,False,0.3283650875091553
743,dd_40,False,1.1353957653045654
744,dd_40,False,0.6000781059265137
745,lin_pack_75,False,2.367586612701416
746,train_10,False,10.375952005386353
747,float_75,False,1.0771293640136719
748,aes_75,False,1.1436691284179688
749,dd_100,False,0.5346555709838867
750,float_100,False,1.2549045085906982
751,lin_pack_100,False,0.7188394069671631
752,cham_75,False,0.2785797119140625
753,json_75,False,0.30467796325683594
754,cham_100,False,0.266970157623291
755,hello_10,False,0.823826789855957
756,lin_pack_100,False,0.3109622001647949
757,cham_75,False,0.2844228744506836
758,train_100,False,9.022732257843018
759,json_100,False,0.5059189796447754
760,hello_10,False,0.27743077278137207
761,cnn_75,False,1.9448895454406738
762,cham_100,False,0.35457348823547363
763,cnn_40,False,2.5360653400421143
764,train_75,False,9.616761684417725
765,gzip_75,False,0.7154347896575928
766,json_40,False,0.7060015201568604
767,gzip_100,False,0.7149207592010498
768,cham_100,False,0.3934764862060547
769,gzip_100,False,0.6347091197967529
770,train_75,False,9.401390552520752
771,aes_40,False,0.7458643913269043
772,cham_75,False,0.28514528274536133
773,dd_10,False,0.46026086807250977
774,hello_75,False,1.1098473072052002
775,cnn_75,False,2.336909055709839
776,aes_100,False,0.8465769290924072
777,json_75,False,0.4289283752441406
778,float_75,False,0.2463681697845459
779,gzip_100,False,0.5593676567077637
780,image_10,False,6.7382402420043945
781,float_40,False,0.23718547821044922
782,hello_100,False,0.24869751930236816
783,dd_40,False,0.46765923500061035
784,float_75,False,1.2259438037872314
785,gzip_100,False,0.9844775199890137
786,image_100,False,7.689589023590088
787,hello_100,False,0.2430896759033203
788,dd_100,False,0.4787259101867676
789,dd_75,False,1.349761724472046
790,cnn_75,False,2.3153300285339355
791,train_100,False,9.591196775436401
792,cnn_40,False,3.4516685009002686
793,train_10,False,9.455434560775757
794,dd_100,False,0.5725128650665283
795,float_40,False,1.3241615295410156
796,train_40,False,10.692584753036499
797,lin_pack_40,False,0.269925594329834
798,train_40,False,9.59180736541748
799,hello_100,False,0.26752495765686035
800,aes_75,False,0.7517609596252441
801,cnn_75,False,2.5102243423461914
802,lin_pack_10,False,0.2332901954650879
803,cnn_75,True,9.908644199371338
804,train_40,True,14.256664514541626
805,float_100,False,0.9965147972106934
806,lin_pack_75,False,0.6026628017425537
807,lin_pack_100,False,0.5746030807495117
808,lin_pack_40,False,0.37826967239379883
809,dd_75,False,0.5095605850219727
810,aes_40,False,1.6385700702667236
811,dd_100,False,0.7389676570892334
812,hello_100,False,1.4043397903442383
813,lin_pack_75,False,0.8429586887359619
814,dd_75,False,0.5830538272857666
815,image_100,False,7.480335235595703
816,float_40,False,0.4603404998779297
817,cnn_100,False,2.184526205062866
818,train_100,False,9.217590093612671
819,hello_100,False,0.2648336887359619
820,float_100,False,0.2565791606903076
821,image_75,False,7.056907892227173
822,cham_75,False,0.2909421920776367
823,cnn_75,False,1.9399569034576416
824,gzip_75,False,0.7315006256103516
825,json_100,False,0.7960941791534424
826,hello_75,False,0.31310462951660156
827,cham_100,False,0.32264256477355957
828,train_75,False,9.612735033035278
829,train_100,False,9.750415325164795
830,train_75,False,9.80593228340149
831,image_40,False,7.075805902481079
832,lin_pack_100,False,0.2706170082092285
833,dd_75,False,0.5275571346282959
834,train_10,False,10.400116443634033
835,aes_10,False,1.1541733741760254
836,train_75,False,10.226476669311523
837,float_100,False,0.27874135971069336
838,image_75,False,7.070450305938721
839,image_100,False,6.781220436096191
840,aes_100,False,0.7629051208496094
841,cnn_40,,3.7286715507507324
842,aes_40,False,1.2878422737121582
843,hello_100,False,0.29784202575683594
844,float_100,False,0.24946045875549316
845,gzip_100,False,0.73506760597229
846,cham_40,False,0.3513786792755127
847,dd_75,False,0.546109676361084
848,lin_pack_40,False,1.3168022632598877
849,lin_pack_40,False,0.803929328918457
850,hello_75,False,0.32729458808898926
851,json_75,False,0.49569153785705566
852,hello_40,False,0.2624228000640869
853,float_75,False,0.3003404140472412
854,aes_75,False,1.0056567192077637
855,dd_100,False,0.5174877643585205
856,image_100,False,7.791301727294922
857,lin_pack_100,False,0.4762563705444336
858,aes_40,False,0.8676197528839111
859,train_100,False,9.233245611190796
860,gzip_40,False,0.8607840538024902
861,cham_100,False,0.3769509792327881
862,cham_75,False,0.27408838272094727
863,lin_pack_100,False,0.2298908233642578
864,json_100,False,0.3840303421020508
865,float_100,False,0.2669801712036133
866,gzip_100,False,0.605802059173584
867,lin_pack_100,False,0.5165791511535645
868,lin_pack_40,False,1.134446144104004
869,dd_100,False,1.5382838249206543
870,lin_pack_75,False,0.6539382934570312
871,float_75,False,0.41659045219421387
872,float_100,False,0.3983268737792969
873,hello_100,False,0.27039217948913574
874,train_10,False,8.98028016090393
875,cnn_100,False,2.732290744781494
876,cham_40,False,0.31706714630126953
877,image_100,False,7.0014488697052
878,cham_75,False,0.3079087734222412
879,cham_75,False,0.2746906280517578
880,dd_75,False,0.5865583419799805
881,lin_pack_40,False,1.1259634494781494
882,cham_100,False,0.6249039173126221
883,cham_100,False,0.12097334861755371
884,json_100,False,0.7091054916381836
885,gzip_100,False,0.7257392406463623
886,aes_100,False,0.9160106182098389
887,dd_75,False,0.4919278621673584
888,gzip_100,False,1.653470516204834
889,float_100,False,0.5529642105102539
890,cnn_100,False,3.179436683654785
891,float_100,False,0.26740217208862305
892,json_100,False,0.43896985054016113
893,train_40,False,8.779368877410889
894,gzip_40,False,0.5852506160736084
895,gzip_75,False,1.183419942855835
896,dd_100,False,0.551213264465332
897,hello_100,False,1.2523841857910156
898,train_10,False,9.750671863555908
899,lin_pack_75,False,0.2506535053253174
900,hello_10,False,0.3394935131072998
901,cham_75,False,0.25317811965942383
902,json_40,False,0.6562368869781494
903,gzip_75,False,0.7946112155914307
904,gzip_75,False,0.7537558078765869
905,cham_10,False,0.45040178298950195
906,cnn_75,False,2.0634868144989014
907,aes_100,False,0.7089369297027588
908,hello_75,False,0.26401543617248535
909,train_10,True,12.133046627044678
910,cnn_100,False,3.1440622806549072
911,float_100,False,0.29714083671569824
912,aes_75,False,0.6974530220031738
913,aes_40,False,0.8896722793579102
914,dd_100,False,0.5677268505096436
915,cham_40,False,1.015472412109375
916,train_100,False,9.854830026626587
917,cnn_100,False,2.593571901321411
918,train_100,False,9.71068525314331
919,lin_pack_75,False,0.2776970863342285
920,cnn_100,False,1.793215274810791
921,cham_100,False,0.30863022804260254
922,json_40,False,0.2724001407623291
923,image_75,False,6.918581962585449
924,image_100,False,6.918931245803833
925,hello_10,False,0.2633523941040039
926,cnn_100,False,2.8751251697540283
927,image_75,False,7.25624942779541
928,dd_100,False,0.48584699630737305
929,train_100,False,10.609297275543213
930,train_10,False,9.83509349822998
931,cham_75,False,0.27561044692993164
932,json_75,False,0.3504328727722168
933,cham_75,False,0.24453377723693848
934,cham_100,False,0.48984265327453613
935,float_40,False,0.2507355213165283
936,cnn_100,False,2.7954909801483154
937,dd_100,False,0.48390984535217285
938,float_100,False,1.0910615921020508
939,train_10,False,9.678006649017334
940,gzip_75,False,0.6771972179412842
941,dd_100,False,0.43424081802368164
942,hello_75,False,1.111407995223999
943,gzip_75,False,0.9022426605224609
944,float_75,False,0.22495031356811523
945,aes_100,False,0.8104312419891357
946,hello_100,False,0.25507354736328125
947,json_100,False,0.7244675159454346
948,train_75,False,9.308050394058228
949,image_40,False,7.186896562576294
950,dd_100,False,0.485257625579834
951,lin_pack_75,False,1.2075510025024414
952,gzip_100,False,0.9480862617492676
953,lin_pack_100,False,0.3513970375061035
954,gzip_75,False,0.6362497806549072
955,hello_75,False,0.43253374099731445
956,cham_40,False,0.7757189273834229
957,train_40,False,9.166447877883911
958,cham_75,False,0.27821826934814453
959,lin_pack_75,False,0.2491917610168457
960,image_75,False,6.697843313217163
961,train_75,False,9.311531066894531
962,float_40,False,0.247802734375
963,lin_pack_75,False,0.46774816513061523
964,dd_75,False,0.4446096420288086
965,hello_100,False,1.2006702423095703
966,float_100,False,0.6016530990600586
967,json_100,False,0.39807939529418945
968,json_100,False,0.2693188190460205
969,dd_75,False,0.4980182647705078
970,image_40,False,8.413713693618774
971,float_100,False,1.282292127609253
972,json_100,False,0.8278806209564209
973,json_40,False,1.0125854015350342
974,image_75,False,6.8549275398254395
975,lin_pack_100,False,0.25021791458129883
976,lin_pack_75,False,0.2822737693786621
977,float_100,False,0.26500535011291504
978,json_40,False,0.5462756156921387
979,aes_100,False,0.7125473022460938
980,float_100,False,0.28966212272644043
981,train_40,False,9.09066367149353
982,cham_40,False,0.37790727615356445
983,aes_10,False,0.8826260566711426
984,image_40,False,7.522349119186401
985,json_75,False,0.4689815044403076
986,gzip_10,False,0.5282235145568848
987,image_100,False,6.903935194015503
988,float_75,False,0.28204822540283203
989,train_100,False,9.393777847290039
990,image_75,False,7.583143472671509
991,json_100,False,0.3554222583770752
992,cham_10,False,0.2860429286956787
993,cnn_75,False,2.538663864135742
994,cham_75,False,0.26483750343322754
995,cnn_75,False,2.127906084060669
996,json_75,False,0.43406128883361816
997,json_75,False,0.8451433181762695
998,hello_40,False,0.27263355255126953
999,json_75,False,0.23171043395996094
1000,aes_10,False,0.7343039512634277
1001,train_100,False,9.271675825119019
1002,train_40,False,8.408794403076172
